-- =====================================================
-- 校园互助平台 - 数据库同步与测试数据脚本
-- 执行时间: 2026年1月28日
-- =====================================================

USE campus;

-- =====================================================
-- 第一部分：数据备份（创建备份表）
-- =====================================================

-- 备份用户数据
DROP TABLE IF EXISTS user_backup_20260128;
CREATE TABLE user_backup_20260128 AS SELECT * FROM user WHERE 1=0;

-- 备份帖子数据
DROP TABLE IF EXISTS post_backup_20260128;
CREATE TABLE post_backup_20260128 AS SELECT * FROM post WHERE 1=0;

-- =====================================================
-- 第二部分：清理现有数据（按照外键约束顺序）
-- =====================================================

-- 清理消息表
DELETE FROM message;

-- 清理会话表
DELETE FROM conversation;

-- 清理闲置收藏表
DELETE FROM item_collect;

-- 清理闲置物品表
DELETE FROM item;

-- 清理通知表
DELETE FROM notification;

-- 清理帖子收藏表
DELETE FROM collect;

-- 清理帖子点赞表
DELETE FROM `like`;

-- 清理评论表
DELETE FROM comment;

-- 清理帖子表
DELETE FROM post;

-- 清理板块表（保留默认数据）
DELETE FROM board;

-- 清理用户表（保留默认管理员）
DELETE FROM user WHERE id > 1;

-- 清理管理员表（保留默认管理员）
DELETE FROM admin WHERE id > 1;

-- =====================================================
-- 第三部分：重置自增ID
-- =====================================================

ALTER TABLE message AUTO_INCREMENT = 1;
ALTER TABLE conversation AUTO_INCREMENT = 1;
ALTER TABLE item_collect AUTO_INCREMENT = 1;
ALTER TABLE item AUTO_INCREMENT = 1;
ALTER TABLE notification AUTO_INCREMENT = 1;
ALTER TABLE collect AUTO_INCREMENT = 1;
ALTER TABLE `like` AUTO_INCREMENT = 1;
ALTER TABLE comment AUTO_INCREMENT = 1;
ALTER TABLE post AUTO_INCREMENT = 1;
ALTER TABLE board AUTO_INCREMENT = 1;
ALTER TABLE user AUTO_INCREMENT = 2;
ALTER TABLE admin AUTO_INCREMENT = 2;

-- =====================================================
-- 第四部分：重置默认板块数据
-- =====================================================

INSERT INTO `board` (`id`, `name`, `description`, `sort`) VALUES
(1, '交流', '日常交流分享', 1),
(2, '学习交流', '学习资料和经验分享', 2),
(3, '兴趣搭子', '寻找志同道合的伙伴', 3),
(4, '闲置交易', '闲置物品交易', 4),
(5, '校园活动', '校园活动信息发布', 5);

-- =====================================================
-- 第五部分：插入测试用户（5个用户）
-- =====================================================

-- 用户密码统一为: password123 (BCrypt加密)
-- BCrypt hash of 'password123': $2a$10$N.zmdr9k7uOCQb376NoUnuTJ8iAt6Z5EHsM8lE9lBOsl7iAt6Z5EH

INSERT INTO `user` (`id`, `phone`, `password`, `nickname`, `gender`, `bio`, `avatar`, `status`) VALUES
(2, '13900000001', '$2a$10$N.zmdr9k7uOCQb376NoUnuTJ8iAt6Z5EHsM8lE9lBOsl7iAt6Z5EH', '校园小明', 1, '热爱学习，喜欢交朋友的在校大学生', NULL, 1),
(3, '13900000002', '$2a$10$N.zmdr9k7uOCQb376NoUnuTJ8iAt6Z5EHsM8lE9lBOsl7iAt6Z5EH', '校园小花', 2, '大四学姐，分享校园生活', NULL, 1),
(4, '13900000003', '$2a$10$N.zmdr9k7uOCQb376NoUnuTJ8iAt6Z5EHsM8lE9lBOsl7iAt6Z5EH', '学习达人', 1, '考研党，分享学习资料', NULL, 1),
(5, '13900000004', '$2a$10$N.zmdr9k7uOCQb376NoUnuTJ8iAt6Z5EHsM8lE9lBOsl7iAt6Z5EH', '二手小王子', 1, '专注二手交易，帮大家淘好物', NULL, 1),
(6, '13900000005', '$2a$10$N.zmdr9k7uOCQb376NoUnuTJ8iAt6Z5EHsM8lE9lBOsl7iAt6Z5EH', '活动小精灵', 2, '校园活动组织者', NULL, 1);

-- =====================================================
-- 第六部分：插入测试帖子（10个帖子）
-- =====================================================

INSERT INTO `post` (`id`, `user_id`, `board_id`, `title`, `content`, `images`, `view_count`, `like_count`, `comment_count`, `collect_count`, `status`) VALUES
-- 板块1：交流
(1, 2, 1, '新生入学必备物品清单', '作为大三学长，给即将入学的新生们整理了一份必备物品清单：\n1. 床上用品（床垫、被子、枕头）\n2. 洗漱用品\n3. 学习用品（笔记本、文具）\n4. 电子产品（手机、电脑、充电器）\n5. 衣物收纳\n有什么问题可以随时问我哦！', NULL, 156, 23, 5, 12, 1),
(2, 3, 1, '校园周边美食推荐', '分享几家亲测好吃的店：\n1. 南门小吃街的麻辣烫\n2. 西门对面的奶茶店\n3. 食堂三楼的铁板烧\n4. 北门附近的火锅店\n大家还有什么推荐吗？', NULL, 234, 45, 18, 28, 1),
-- 板块2：学习交流
(3, 4, 2, '考研经验分享（数学篇）', '数学是我考研时花费时间最多的科目，分享一下我的经验：\n\n1. 基础阶段（3-6月）：跟着张宇视频过一遍教材，做课后习题\n2. 强化阶段（7-9月）：做1000题，反复刷真题\n3. 冲刺阶段（10-12月）：模拟卷，查漏补缺\n\n需要的可以私信我，我可以分享资料！', NULL, 567, 89, 34, 56, 1),
(4, 2, 2, '期末复习周高效学习法', '期末周到了，分享几个高效学习的方法：\n1. 番茄工作法：25分钟专注+5分钟休息\n2. 交叉学习：不同科目交替进行\n3. 输出式学习：给别人讲一遍知识点\n4. 适当运动：保持大脑清醒\n祝大家期末顺利！', NULL, 345, 67, 21, 38, 1),
-- 板块3：兴趣搭子
(5, 6, 3, '约球！羽毛球爱好者看过来', '本人羽毛球爱好者，每周三晚上7-9点在体育馆约球，想找几个小伙伴一起切磋球技，男女不限，水平不限，重要的是开心！', NULL, 189, 34, 12, 15, 1),
(6, 3, 3, '寻找一起考证的伙伴', '准备考教师资格证，有没有一起组队学习的？可以建个微信群，每天打卡学习进度，互相监督。有意向的留言~', NULL, 234, 56, 28, 34, 1),
-- 板块4：闲置交易（帖子不是闲置物品）
(7, 5, 1, '出闲置物品经验分享', '经常看到有人出闲置物品，给大家分享几点建议：\n1. 物品描述要详细，包括新旧程度、使用时间\n2. 价格要合理，可以参考淘宝二手价格\n3. 拍照要清晰，光线要好\n4. 最好能当面交易，安全第一\n有想出闲置的可以找我帮忙拍照~', NULL, 178, 45, 19, 22, 1),
-- 板块5：校园活动
(8, 6, 5, '本周五晚：校园音乐节来啦！', '好消息！本周五晚上7点，在学校操场举办校园音乐节，有乐队表演、歌手PK、互动游戏，还有精美礼品相送！免费入场，欢迎大家来玩！', NULL, 678, 123, 56, 89, 1),
(9, 2, 5, '志愿者招募：敬老院慰问活动', '下周日组织去敬老院慰问老人，现招募志愿者10名，活动内容包括：文艺表演、打扫卫生、陪老人聊天等，有志愿时长证明，中午包午餐，有意向的同学请在本周五前报名。', NULL, 456, 78, 45, 67, 1),
(10, 4, 2, '图书馆座位预约系统使用指南', '很多同学问我图书馆座位怎么预约，这里统一说明：\n1. 打开校园APP\n2. 点击"图书馆服务"\n3. 选择日期和时段\n4. 确认预约\n注意：每人每天最多预约2次，违约3次会被限制使用一周。', NULL, 890, 156, 67, 89, 1);

-- =====================================================
-- 第七部分：插入测试评论（15个评论）
-- =====================================================

INSERT INTO `comment` (`id`, `user_id`, `post_id`, `parent_id`, `content`, `status`) VALUES
-- 帖子1的评论
(1, 3, 1, NULL, '太实用了！谢谢学长的分享！', 1),
(2, 4, 1, 1, '不客气，有什么问题随时问', 1),
(3, 5, 1, NULL, '想问一下宿舍被子要准备多厚的？', 1),
-- 帖子3的评论
(4, 2, 3, NULL, '学长求资料！数学资料', 1),
(5, 4, 3, 4, '好的，私信你了', 1),
(6, 6, 3, NULL, '请问英语怎么复习？', 1),
-- 帖子5的评论
(7, 3, 5, NULL, '我报名！羽毛球约起来', 1),
(8, 5, 5, 7, '好，周三不见不散', 1),
-- 帖子8的评论
(9, 2, 8, NULL, '期待！有时间一定去', 1),
(10, 4, 8, NULL, '有表演嘉宾名单吗？', 1),
(11, 6, 8, 10, '有的，晚会前一天公布', 1),
-- 帖子9的评论
(12, 3, 9, NULL, '已报名！周日见', 1),
(13, 5, 9, NULL, '我也报名，需要准备什么？', 1),
-- 帖子10的评论
(14, 2, 10, NULL, '终于知道怎么预约了，谢谢！', 1),
(15, 5, 10, NULL, '亲测有效，确实好用', 1);

-- =====================================================
-- 第八部分：插入测试闲置物品（8个物品）
-- =====================================================

INSERT INTO `item` (`id`, `user_id`, `type`, `title`, `description`, `price`, `images`, `view_count`, `contact_count`, `status`) VALUES
-- 出售类
(1, 2, 2, '出高等数学教材', '大三上学期用的高等数学教材，第七版，保存完好，无笔记。需要的同学联系。', 25.00, NULL, 89, 12, 1),
(2, 3, 2, '闲置打印机', '惠普家用打印机，支持打印、复印、扫描，功能完好。墨盒还有半罐。', 150.00, NULL, 156, 8, 1),
(3, 4, 2, '考研资料全套', '包含政治、英语、数学所有资料，还有历年真题。买了没怎么用，半价出。', 80.00, NULL, 234, 15, 1),
(4, 5, 2, '宿舍小冰箱', '容量30L，制冷效果很好，宿舍夏天必备。毕业了带不走。', 200.00, NULL, 178, 6, 1),
-- 收购类
(5, 2, 1, '收一辆自行车', '有谁卖自行车的吗？预算100-200，能代步就行。', 150.00, NULL, 67, 5, 1),
(6, 4, 1, '收二手吉他', '初学者入门吉他，要求无明显损坏，有调音器赠送更好。', 300.00, NULL, 89, 3, 1),
(7, 6, 1, '收计算器', '考研用，需要科学计算器卡西欧991，有出的联系我。', 80.00, NULL, 45, 2, 1),
(8, 3, 2, '全新未拆封台灯', '买错了型号，出一个护眼台灯，LED光源，三档可调。', 45.00, NULL, 123, 7, 1);

-- =====================================================
-- 第九部分：插入测试点赞（10个点赞）
-- =====================================================

INSERT INTO `like` (`id`, `user_id`, `post_id`, `created_at`) VALUES
(1, 2, 3, NOW()),
(2, 3, 3, NOW()),
(3, 4, 3, NOW()),
(4, 5, 8, NOW()),
(5, 6, 8, NOW()),
(6, 2, 10, NOW()),
(7, 3, 10, NOW()),
(8, 4, 10, NOW()),
(9, 5, 10, NOW()),
(10, 6, 10, NOW());

-- =====================================================
-- 第十部分：插入测试收藏（5个收藏）
-- =====================================================

INSERT INTO `collect` (`id`, `user_id`, `post_id`, `created_at`) VALUES
(1, 2, 3, NOW()),
(2, 3, 8, NOW()),
(3, 4, 10, NOW()),
(4, 5, 1, NOW()),
(5, 6, 9, NOW());

-- =====================================================
-- 第十一部分：插入测试闲置收藏（3个）
-- =====================================================

INSERT INTO `item_collect` (`id`, `user_id`, `item_id`, `created_at`) VALUES
(1, 2, 2, NOW()),
(2, 3, 3, NOW()),
(3, 4, 1, NOW());

-- =====================================================
-- 第十二部分：插入测试通知（8个通知）
-- =====================================================

INSERT INTO `notification` (`id`, `user_id`, `type`, `from_user_id`, `target_id`, `content`, `is_read`) VALUES
(1, 4, 1, 2, 3, '用户在您的帖子"考研经验分享"下评论了', 0),
(2, 4, 2, 2, 3, '用户赞了您的帖子"考研经验分享"', 0),
(3, 4, 3, 2, 3, '用户收藏了您的帖子"考研经验分享"', 1),
(4, 6, 1, 2, 9, '用户在您的帖子"志愿者招募"下评论了', 0),
(5, 2, 2, 3, 10, '用户赞了您的帖子"图书馆座位预约系统使用指南"', 1),
(6, 3, 2, 4, 10, '用户赞了您的帖子"图书馆座位预约系统使用指南"', 1),
(7, 5, 2, 6, 5, '用户赞了您的帖子"约球！羽毛球爱好者看过来"', 1),
(8, 2, 1, 4, 10, '用户在您的帖子"图书馆座位预约系统使用指南"下评论了', 0);

-- =====================================================
-- 第十三部分：插入测试会话和消息（2个会话）
-- =====================================================

-- 会话1：用户2和用户3
INSERT INTO `conversation` (`id`, `user_id1`, `user_id2`, `created_at`) VALUES
(1, 2, 3, NOW());

INSERT INTO `message` (`id`, `conversation_id`, `sender_id`, `receiver_id`, `content`, `created_at`) VALUES
(1, 1, 2, 3, '你好，看了你的闲置打印机，还在吗？', NOW()),
(2, 1, 3, 2, '在的，你要的话可以优惠', NOW()),
(3, 1, 2, 3, '好的，周末可以当面交易吗？', NOW());

-- 会话2：用户4和用户2
INSERT INTO `conversation` (`id`, `user_id1`, `user_id2`, `created_at`) VALUES
(2, 4, 2, NOW());

INSERT INTO `message` (`id`, `conversation_id`, `sender_id`, `receiver_id`, `content`, `created_at`) VALUES
(4, 2, 4, 2, '学长，考研资料还有吗？', NOW()),
(5, 2, 2, 4, '有的，要的话可以给你', NOW());

-- =====================================================
-- 第十四部分：统计信息汇总
-- =====================================================

SELECT '=== 数据统计 ===' AS info;

SELECT '用户数量:' AS info, COUNT(*) AS count FROM user;
SELECT '管理员数量:' AS info, COUNT(*) AS count FROM admin;
SELECT '板块数量:' AS info, COUNT(*) AS count FROM board;
SELECT '帖子数量:' AS info, COUNT(*) AS count FROM post;
SELECT '评论数量:' AS info, COUNT(*) AS count FROM comment;
SELECT '点赞数量:' AS info, COUNT(*) AS count FROM `like`;
SELECT '收藏数量:' AS info, COUNT(*) AS count FROM collect;
SELECT '通知数量:' AS info, COUNT(*) AS count FROM notification;
SELECT '闲置物品数量:' AS info, COUNT(*) AS count FROM item;
SELECT '闲置收藏数量:' AS info, COUNT(*) AS count FROM item_collect;
SELECT '会话数量:' AS info, COUNT(*) AS count FROM conversation;
SELECT '消息数量:' AS info, COUNT(*) AS count FROM message;

SELECT '=== 测试数据插入完成 ===' AS result;
